﻿{
  "DataContractVersion": "1.1",
  "DocumentTypes": [
    {
      "DocumentTypeId": "invoice.c_invoice.invoices",
      "Group": "g_invoice",
      "Category": "c_invoice",
      "Name": "doc_invoice",
      "OptionalUniqueIdentifier": null,
      "TypeField": {
        "FieldId": "invoice.c_invoice.invoices.DocumentType",
        "FieldName": "Document Type"
      },
      "Fields": [
        {
          "FieldId": "invoice.c_invoice.invoices.Name",
          "FieldName": "Name",
          "IsMultiValue": false,
          "Type": "Text",
          "DeriveFieldsFormat": "",
          "Components": [],
          "SetValues": [],
          "Metadata": [
            {
              "Key": "RequiresReference",
              "Value": "true"
            }
          ]
        },
        {
          "FieldId": "invoice.c_invoice.invoices.Vendor-addr",
          "FieldName": "Vendor-addr",
          "IsMultiValue": false,
          "Type": "Text",
          "DeriveFieldsFormat": "",
          "Components": [],
          "SetValues": [],
          "Metadata": [
            {
              "Key": "RequiresReference",
              "Value": "true"
            }
          ]
        },
        {
          "FieldId": "invoice.c_invoice.invoices.Billing-name",
          "FieldName": "Billing-name",
          "IsMultiValue": false,
          "Type": "Text",
          "DeriveFieldsFormat": "",
          "Components": [],
          "SetValues": [],
          "Metadata": [
            {
              "Key": "RequiresReference",
              "Value": "true"
            }
          ]
        },
        {
          "FieldId": "invoice.c_invoice.invoices.Billing-addr",
          "FieldName": "Billing-addr",
          "IsMultiValue": false,
          "Type": "Text",
          "DeriveFieldsFormat": "",
          "Components": [],
          "SetValues": [],
          "Metadata": [
            {
              "Key": "RequiresReference",
              "Value": "true"
            }
          ]
        },
        {
          "FieldId": "invoice.c_invoice.invoices.Shipping-addr",
          "FieldName": "Shipping-addr",
          "IsMultiValue": false,
          "Type": "Text",
          "DeriveFieldsFormat": "",
          "Components": [],
          "SetValues": [],
          "Metadata": [
            {
              "Key": "RequiresReference",
              "Value": "true"
            }
          ]
        },
        {
          "FieldId": "invoice.c_invoice.invoices.Invoice-no",
          "FieldName": "Invoice-no",
          "IsMultiValue": false,
          "Type": "Text",
          "DeriveFieldsFormat": "",
          "Components": [],
          "SetValues": [],
          "Metadata": [
            {
              "Key": "RequiresReference",
              "Value": "true"
            }
          ]
        },
        {
          "FieldId": "invoice.c_invoice.invoices.Po-no",
          "FieldName": "Po-no",
          "IsMultiValue": false,
          "Type": "Text",
          "DeriveFieldsFormat": "",
          "Components": [],
          "SetValues": [],
          "Metadata": [
            {
              "Key": "RequiresReference",
              "Value": "true"
            }
          ]
        },
        {
          "FieldId": "invoice.c_invoice.invoices.Date",
          "FieldName": "Date",
          "IsMultiValue": false,
          "Type": "Text",
          "DeriveFieldsFormat": "",
          "Components": [],
          "SetValues": [],
          "Metadata": [
            {
              "Key": "RequiresReference",
              "Value": "true"
            }
          ]
        },
        {
          "FieldId": "invoice.c_invoice.invoices.Tax",
          "FieldName": "Tax",
          "IsMultiValue": false,
          "Type": "Text",
          "DeriveFieldsFormat": "",
          "Components": [],
          "SetValues": [],
          "Metadata": [
            {
              "Key": "RequiresReference",
              "Value": "true"
            }
          ]
        },
        {
          "FieldId": "invoice.c_invoice.invoices.Total",
          "FieldName": "Total",
          "IsMultiValue": false,
          "Type": "Text",
          "DeriveFieldsFormat": "",
          "Components": [],
          "SetValues": [],
          "Metadata": [
            {
              "Key": "RequiresReference",
              "Value": "true"
            }
          ]
        },
        {
          "FieldId": "invoice.c_invoice.invoices.Payments-terms",
          "FieldName": "Payments-terms",
          "IsMultiValue": false,
          "Type": "Text",
          "DeriveFieldsFormat": "",
          "Components": [],
          "SetValues": [],
          "Metadata": [
            {
              "Key": "RequiresReference",
              "Value": "true"
            }
          ]
        },
        {
          "FieldId": "invoice.c_invoice.invoices.Net-amount",
          "FieldName": "Net-amount",
          "IsMultiValue": false,
          "Type": "Text",
          "DeriveFieldsFormat": "",
          "Components": [],
          "SetValues": [],
          "Metadata": [
            {
              "Key": "RequiresReference",
              "Value": "true"
            }
          ]
        },
        {
          "FieldId": "invoice.c_invoice.invoices.Due-date",
          "FieldName": "Due-date",
          "IsMultiValue": false,
          "Type": "Text",
          "DeriveFieldsFormat": "",
          "Components": [],
          "SetValues": [],
          "Metadata": [
            {
              "Key": "RequiresReference",
              "Value": "true"
            }
          ]
        },
        {
          "FieldId": "invoice.c_invoice.invoices.Currency",
          "FieldName": "Currency",
          "IsMultiValue": false,
          "Type": "Text",
          "DeriveFieldsFormat": "",
          "Components": [],
          "SetValues": [],
          "Metadata": [
            {
              "Key": "RequiresReference",
              "Value": "true"
            }
          ]
        },
        {
          "FieldId": "invoice.c_invoice.invoices.Items",
          "FieldName": "Items",
          "IsMultiValue": false,
          "Type": "Table",
          "DeriveFieldsFormat": "",
          "Components": [
            {
              "FieldId": "invoice.c_invoice.invoices.Items.Description",
              "FieldName": "Description",
              "IsMultiValue": false,
              "Type": "Text",
              "DeriveFieldsFormat": "",
              "Components": [],
              "SetValues": [],
              "Metadata": [
                {
                  "Key": "RequiresReference",
                  "Value": "true"
                }
              ]
            },
            {
              "FieldId": "invoice.c_invoice.invoices.Items.Quantity",
              "FieldName": "Quantity",
              "IsMultiValue": false,
              "Type": "Text",
              "DeriveFieldsFormat": "",
              "Components": [],
              "SetValues": [],
              "Metadata": [
                {
                  "Key": "RequiresReference",
                  "Value": "true"
                }
              ]
            },
            {
              "FieldId": "invoice.c_invoice.invoices.Items.Unit-price",
              "FieldName": "Unit-price",
              "IsMultiValue": false,
              "Type": "Text",
              "DeriveFieldsFormat": "",
              "Components": [],
              "SetValues": [],
              "Metadata": [
                {
                  "Key": "RequiresReference",
                  "Value": "true"
                }
              ]
            },
            {
              "FieldId": "invoice.c_invoice.invoices.Items.Line-amount",
              "FieldName": "Line-amount",
              "IsMultiValue": false,
              "Type": "Text",
              "DeriveFieldsFormat": "",
              "Components": [],
              "SetValues": [],
              "Metadata": [
                {
                  "Key": "RequiresReference",
                  "Value": "true"
                }
              ]
            },
            {
              "FieldId": "invoice.c_invoice.invoices.Items.Item-po-no",
              "FieldName": "Item-po-no",
              "IsMultiValue": false,
              "Type": "Text",
              "DeriveFieldsFormat": "",
              "Components": [],
              "SetValues": [],
              "Metadata": [
                {
                  "Key": "RequiresReference",
                  "Value": "true"
                }
              ]
            },
            {
              "FieldId": "invoice.c_invoice.invoices.Items.Line-no",
              "FieldName": "Line-no",
              "IsMultiValue": false,
              "Type": "Text",
              "DeriveFieldsFormat": "",
              "Components": [],
              "SetValues": [],
              "Metadata": [
                {
                  "Key": "RequiresReference",
                  "Value": "true"
                }
              ]
            }
          ],
          "SetValues": [],
          "Metadata": [
            {
              "Key": "RequiresReference",
              "Value": "true"
            }
          ]
        }
      ]
    }
  ],
  "Groups": [
    {
      "Name": "g_invoice",
      "Categories": [
        "c_invoice"
      ]
    }
  ],
  "SupportedLanguages": [
    {
      "Name": "Undetermined Language",
      "Code": "und"
    },
    {
      "Name": "Bulgarian",
      "Code": "bul"
    },
    {
      "Name": "Cantonese",
      "Code": "yue"
    },
    {
      "Name": "Danish",
      "Code": "dan"
    },
    {
      "Name": "Dutch",
      "Code": "nld"
    },
    {
      "Name": "English",
      "Code": "eng"
    },
    {
      "Name": "French",
      "Code": "fra"
    },
    {
      "Name": "Georgian",
      "Code": "kat"
    },
    {
      "Name": "German",
      "Code": "deu"
    },
    {
      "Name": "Greek",
      "Code": "ell"
    },
    {
      "Name": "Hebrew",
      "Code": "heb"
    },
    {
      "Name": "Hindi",
      "Code": "hin"
    },
    {
      "Name": "Italian",
      "Code": "ita"
    },
    {
      "Name": "Japanese",
      "Code": "jpn"
    },
    {
      "Name": "Korean",
      "Code": "kor"
    },
    {
      "Name": "Macedonian",
      "Code": "mkd"
    },
    {
      "Name": "Mandarin",
      "Code": "zho"
    },
    {
      "Name": "Marathi",
      "Code": "mar"
    },
    {
      "Name": "Norwegian",
      "Code": "nor"
    },
    {
      "Name": "Polish",
      "Code": "pol"
    },
    {
      "Name": "Portuguese",
      "Code": "por"
    },
    {
      "Name": "Romanian",
      "Code": "ron"
    },
    {
      "Name": "Russian",
      "Code": "rus"
    },
    {
      "Name": "Serbian",
      "Code": "srp"
    },
    {
      "Name": "Spanish",
      "Code": "spa"
    },
    {
      "Name": "Swedish",
      "Code": "swe"
    },
    {
      "Name": "Telugu",
      "Code": "tel"
    }
  ]
}